{
    "__comment": "Made with TheDestruc7i0n's advancements generator: https://advancements.thedestruc7i0n.ca",
    "display": {
        "title": {
            "text": "An Dangerous Trip...",
            "color": "dark_green",
            "bold": true,
            "italic": true
        },
        "description": {
            "text": "Go into a Strongold",
            "color": "light_purple",
            "bold": true,
            "italic": true
        },
        "icon": {
            "item": "minecraft:end_portal_frame"
        },
        "frame": "task",
        "show_toast": true,
        "announce_to_chat": true,
        "hidden": false
    },
    "criteria": {
        "c1": {
            "trigger": "minecraft:location",
            "conditions": {
                "dimension": "overworld",
                "feature": "stronghold"
            }
        }
    },
    "parent": "adventure:adv13"
}