{
    "__comment": "Made with TheDestruc7i0n's advancements generator: https://advancements.thedestruc7i0n.ca",
    "display": {
        "title": {
            "text": "Invaded End",
            "color": "blue",
            "bold": true,
            "italic": true
        },
        "description": {
            "text": "Bring a Ghast in the End and then kill it from 50 blocks away!!",
            "color": "dark_green",
            "bold": true,
            "italic": true
        },
        "icon": {
            "item": "minecraft:stone"
        },
        "frame": "challenge",
        "show_toast": true,
        "announce_to_chat": true,
        "hidden": false
    },
    "criteria": {
        "c1": {
            "trigger": "minecraft:player_killed_entity",
            "conditions": {
                "entity": {
                    "type": "minecraft:ghast",
                    "distance": {
                        "absolute": {
                            "min": 50,
                            "max": 50
                        },
                        "horizontal": {
                            "min": 50,
                            "max": 50
                        },
                        "x": {
                            "min": 50,
                            "max": 50
                        },
                        "y": {
                            "min": 50,
                            "max": 50
                        },
                        "z": {
                            "min": 50,
                            "max": 50
                        }
                    },
                    "location": {
                        "dimension": "the_end"
                    }
                }
            }
        }
    },
    "parent": "adventure:adv15"
}