{
    "__comment": "Made with TheDestruc7i0n's advancements generator: https://advancements.thedestruc7i0n.ca",
    "display": {
        "title": {
            "text": "Crystals for Me!",
            "color": "light_purple"
        },
        "description": {
            "text": "Craft a End Crystal!",
            "color": "dark_purple",
            "bold": true
        },
        "icon": {
            "item": "minecraft:end_crystal"
        },
        "frame": "goal",
        "show_toast": true,
        "announce_to_chat": true,
        "hidden": false
    },
    "criteria": {
        "c1": {
            "trigger": "minecraft:inventory_changed",
            "conditions": {
                "items": [
                    {
                        "item": "minecraft:end_crystal",
                        "count": {
                            "min": 1,
                            "max": 1
                        }
                    }
                ]
            }
        }
    },
    "parent": "adventure:adv11"
}