{
    "__comment": "Made with TheDestruc7i0n's advancements generator: https://advancements.thedestruc7i0n.ca",
    "display": {
        "title": {
            "text": "On the Wings of the Wind i Fall..",
            "color": "dark_gray",
            "bold": true,
            "italic": true,
            "underlined": true,
            "strikethrough": false
        },
        "description": {
            "text": "Consume an Elytra!",
            "color": "dark_purple",
            "bold": true
        },
        "icon": {
            "item": "minecraft:elytra"
        },
        "frame": "challenge",
        "show_toast": true,
        "announce_to_chat": true,
        "hidden": false
    },
    "criteria": {
        "4": {
            "trigger": "minecraft:consume_item",
            "conditions": {
                "item": {
                    "item": "minecraft:elytra",
                    "count": {
                        "min": 1,
                        "max": 1
                    }
                }
            }
        }
    },
    "parent": "adventure:root"
}