{
    "__comment": "Made with TheDestruc7i0n's advancements generator: https://advancements.thedestruc7i0n.ca",
    "display": {
        "title": {
            "text": "Pl`s ,Don`t HURT ME!",
            "color": "dark_purple",
            "bold": true
        },
        "description": {
            "text": "Take damage from a Shulker!",
            "color": "light_purple",
            "italic": true
        },
        "icon": {
            "item": "minecraft:shulker_box"
        },
        "frame": "task",
        "show_toast": true,
        "announce_to_chat": true,
        "hidden": false
    },
    "criteria": {
        "rr": {
            "trigger": "minecraft:entity_hurt_player",
            "conditions": {
                "damage": {
                    "type": {
                        "is_magic": true
                    },
                    "source_entity": {
                        "type": "minecraft:shulker"
                    }
                }
            }
        }
    },
    "parent": "adventure:adv11"
}