{
    "__comment": "Made with TheDestruc7i0n's advancements generator: https://advancements.thedestruc7i0n.ca",
    "display": {
        "title": {
            "text": "Bring the Eye to Me!",
            "color": "dark_aqua",
            "bold": true,
            "italic": true
        },
        "description": {
            "text": "Break a ender eye!",
            "color": "gold",
            "underlined": true
        },
        "icon": {
            "item": "minecraft:ender_eye"
        },
        "frame": "goal",
        "show_toast": true,
        "announce_to_chat": true,
        "hidden": false
    },
    "criteria": {
        "c1": {
            "trigger": "minecraft:used_ender_eye",
            "conditions": {
                "distance": {
                    "min": 4,
                    "max": 34
                }
            }
        }
    },
    "parent": "adventure:root"
}