{
    "__comment": "Made with TheDestruc7i0n's advancements generator: https://advancements.thedestruc7i0n.ca",
    "display": {
        "title": {
            "text": "A Place Were Nightmares are Cresated....",
            "color": "dark_purple",
            "bold": true,
            "italic": true,
            "obfuscated": true
        },
        "description": {
            "text": "Kill the Ender Dragon",
            "color": "dark_purple",
            "italic": true
        },
        "icon": {
            "item": "minecraft:dragon_egg"
        },
        "frame": "challenge",
        "show_toast": true,
        "announce_to_chat": true,
        "hidden": false
    },
    "criteria": {
        "c1": {
            "trigger": "minecraft:player_killed_entity",
            "conditions": {
                "entity": {
                    "type": "minecraft:ender_dragon",
                    "location": {
                        "biome": "minecraft:the_end",
                        "dimension": "the_end"
                    },
                    "equipment": {
                        "head": {
                            "item": "minecraft:netherite_sword"
                        },
                        "chest": {
                            "item": "minecraft:netherite_sword"
                        },
                        "legs": {
                            "item": "minecraft:netherite_sword"
                        },
                        "feet": {
                            "item": "minecraft:netherite_sword"
                        },
                        "mainhand": {
                            "item": "minecraft:netherite_sword"
                        },
                        "offhand": {
                            "item": "minecraft:netherite_sword"
                        }
                    }
                }
            }
        }
    },
    "parent": "adventure:adv14"
}