{
    "__comment": "Made with TheDestruc7i0n's advancements generator: https://advancements.thedestruc7i0n.ca",
    "display": {
        "title": {
            "text": "Stone Edge",
            "color": "gray"
        },
        "description": {
            "text": "Get cobblestone!",
            "color": "dark_gray",
            "italic": true
        },
        "icon": {
            "item": "minecraft:cobblestone"
        },
        "frame": "task",
        "show_toast": true,
        "announce_to_chat": true,
        "hidden": false
    },
    "criteria": {
        "g": {
            "trigger": "minecraft:item_durability_changed",
            "conditions": {
                "item": {
                    "item": "minecraft:cobblestone",
                    "count": {
                        "min": 1,
                        "max": 1
                    },
                    "potion": "minecraft:thick"
                }
            }
        }
    },
    "parent": "adventure:root"
}