{
    "__comment": "Made with TheDestruc7i0n's advancements generator: https://advancements.thedestruc7i0n.ca",
    "display": {
        "title": {
            "text": "Ashes from the Past",
            "color": "dark_gray",
            "bold": true,
            "italic": true
        },
        "description": {
            "text": "Enter a basalt delta",
            "color": "gray",
            "bold": true,
            "italic": false
        },
        "icon": {
            "item": "minecraft:basalt"
        },
        "frame": "task",
        "show_toast": true,
        "announce_to_chat": true,
        "hidden": false
    },
    "criteria": {
        "1": {
            "trigger": "minecraft:location",
            "conditions": {
                "biome": "minecraft:basalt_deltas",
                "dimension": "the_nether",
                "position": {
                    "x": {
                        "min": 1,
                        "max": 1
                    }
                }
            }
        }
    },
    "parent": "adventure:root"
}