{
    "__comment": "Made with TheDestruc7i0n's advancements generator: https://advancements.thedestruc7i0n.ca",
    "display": {
        "title": {
            "text": "Fire to Fire",
            "color": "gold",
            "bold": true,
            "italic": true
        },
        "description": {
            "text": "Colect a Magma Block!",
            "color": "yellow",
            "bold": true,
            "italic": true
        },
        "icon": {
            "item": "minecraft:magma_block"
        },
        "frame": "task",
        "show_toast": true,
        "announce_to_chat": true,
        "hidden": false
    },
    "criteria": {
        "3": {
            "trigger": "minecraft:inventory_changed",
            "conditions": {
                "items": [
                    {
                        "item": "minecraft:magma_block",
                        "count": {
                            "min": 1,
                            "max": 1
                        }
                    }
                ]
            }
        }
    },
    "parent": "adventure:adv3"
}