{
    "__comment": "Made with TheDestruc7i0n's advancements generator: https://advancements.thedestruc7i0n.ca",
    "display": {
        "title": {
            "text": "Silky Situation!",
            "color": "green",
            "bold": true,
            "italic": true,
            "underlined": true
        },
        "description": {
            "text": "Aply the silk touch enchanment to a diamond pickaxe!",
            "color": "gold",
            "underlined": true
        },
        "icon": {
            "item": "minecraft:stone"
        },
        "frame": "challenge",
        "show_toast": true,
        "announce_to_chat": true,
        "hidden": false
    },
    "criteria": {
        "2": {
            "trigger": "minecraft:enchanted_item",
            "conditions": {
                "item": {
                    "item": "minecraft:diamond_pickaxe",
                    "count": {
                        "min": 1,
                        "max": 1
                    },
                    "enchantments": [
                        {
                            "enchantment": "minecraft:silk_touch"
                        }
                    ]
                }
            }
        }
    },
    "parent": "adventure:adv4"
}