{
    "__comment": "Made with TheDestruc7i0n's advancements generator: https://advancements.thedestruc7i0n.ca",
    "display": {
        "title": {
            "text": "The Guard of the Hell",
            "color": "gold",
            "bold": true,
            "italic": true
        },
        "description": {
            "text": "Kill a Wither in the Nether",
            "color": "gold",
            "italic": true
        },
        "icon": {
            "item": "minecraft:wither_skeleton_skull"
        },
        "frame": "task",
        "show_toast": false,
        "announce_to_chat": true,
        "hidden": false
    },
    "criteria": {
        "gg": {
            "trigger": "minecraft:player_killed_entity",
            "conditions": {
                "entity": {
                    "type": "minecraft:wither"
                }
            }
        }
    },
    "parent": "adventure:adv6"
}