{
    "__comment": "Made with TheDestruc7i0n's advancements generator: https://advancements.thedestruc7i0n.ca",
    "display": {
        "title": {
            "text": "BeaconCrafter!",
            "color": "dark_aqua",
            "bold": true,
            "italic": true
        },
        "description": {
            "text": "Craft a beacon!",
            "color": "dark_red",
            "bold": true,
            "italic": true,
            "underlined": true,
            "obfuscated": false
        },
        "icon": {
            "item": "minecraft:beacon"
        },
        "frame": "challenge",
        "show_toast": true,
        "announce_to_chat": true,
        "hidden": false
    },
    "criteria": {
        "66": {
            "trigger": "minecraft:construct_beacon",
            "conditions": {
                "level": {
                    "min": 1,
                    "max": 1
                }
            }
        }
    },
    "rewards": {
        "experience": 45
    },
    "parent": "adventure:adv5"
}