{
    "__comment": "Made with TheDestruc7i0n's advancements generator: https://advancements.thedestruc7i0n.ca",
    "display": {
        "title": {
            "text": "Fire!",
            "color": "gold",
            "bold": true,
            "italic": true,
            "underlined": true
        },
        "description": {
            "text": "Kill a Ghast with Her`s own medicent!",
            "color": "light_purple",
            "bold": true,
            "italic": true
        },
        "icon": {
            "item": "minecraft:stone"
        },
        "frame": "challenge",
        "show_toast": true,
        "announce_to_chat": true,
        "hidden": false
    },
    "criteria": {
        "c1": {
            "trigger": "minecraft:player_killed_entity",
            "conditions": {
                "entity": {
                    "type": "minecraft:ghast",
                    "flags": {
                        "is_on_fire": true
                    }
                },
                "killing_blow": {
                    "is_explosion": true,
                    "direct_entity": {
                        "type": "minecraft:ghast"
                    },
                    "source_entity": {
                        "type": "minecraft:fireball"
                    }
                }
            }
        }
    },
    "parent": "adventure:adv8"
}