{
    "__comment": "Made with TheDestruc7i0n's advancements generator: https://advancements.thedestruc7i0n.ca",
    "display": {
        "title": {
            "text": "SeriousDedication",
            "color": "gold",
            "bold": true,
            "italic": true,
            "underlined": false,
            "strikethrough": false,
            "obfuscated": false
        },
        "description": {
            "text": "A new category of advancements for minecraft!",
            "color": "dark_green",
            "bold": true,
            "italic": true
        },
        "icon": {
            "item": "minecraft:netherite_axe"
        },
        "frame": "goal",
        "show_toast": true,
        "announce_to_chat": true,
        "hidden": false,
        "background": "minecraft:textures/gui/advancements/backgrounds/basalt.png"
    },
    "criteria": {
        "Start": {
            "trigger": "minecraft:consume_item",
            "conditions": {
                "item": {
                    "item": "minecraft:iron_hoe",
                    "count": {
                        "min": 1,
                        "max": 1
                    }
                }
            }
        }
    },
    "rewards": {
        "experience": 23
    }
}